I1,I2,I3,C1,C2,C3,M1,M2,M3,D,ID,respiration,aboveground,ace,phos,cello,gluco,belowground,WSA,PH,rack,Lv,remark
0,0,0,0,0,0,0,0,0,0,CT,1308.832283,28.8,0.479600474,3.017106408,0.318214003,1.4429374,5.1,35.33123028,4.53,G,0,CT
0,0,0,0,0,0,0,0,0,0,CT,991.880728,27.1,0.428540349,2.612272547,0.701164953,1.590930979,6.2,32.9153605,4.58,G,0,CT
0,0,0,0,0,0,0,0,0,0,CT,1106.465032,145.9,0.612721519,2.149996044,0.384774525,1.611280096,49.6,51.18343195,4.46,G,0,CT
0,0,0,0,0,0,0,0,0,0,CT,1044.024456,97.6,0.506042326,2.450886076,0.420334256,1.692676565,30,48.89589905,4.5,G,0,CT
0,0,0,0,0,0,0,0,0,0,CT,899.3600288,22.2,0.484159415,1.802604826,0.451335047,1.048904494,4.6,45.48387097,4.49,H,0,CT
0,0,0,0,0,0,0,0,0,0,CT,1036.895101,25.4,0.524278086,1.277414953,0.628221915,1.185798555,4.2,29.35483871,4.62,N,0,CT
0,0,0,0,0,0,0,0,0,0,CT,961.410151,122.4,0.225211629,3.455676423,0.525189873,1.024855538,28.2,35.35031847,4.56,G,0,CT
0,0,0,0,0,0,0,0,0,0,CT,1339.617402,2.5,0.667428797,2.875779271,0.362891614,1.768523274,0.2,35.01683502,4.43,G,0,CT
0,0,0,0,0,0,0,0,0,0,CT,1059.907673,1.7,0.475041536,2.403473102,0.372921282,0.643772071,1.4,39.87341772,4.53,G,0,CT
0,0,0,0,0,0,0,0,0,0,CT,1114.619385,134.6,0.61636867,3.086402293,0.472306171,1.106252006,38.2,64.14473684,4.51,H,0,CT
0,0,0,0,0,0,0,0,0,1,CT,1232.742984,20.9,0.429452136,1.97675633,0.635516218,1.041504815,5.6,31.73652695,4.49,G,0,CT
0,0,0,0,0,0,0,0,0,1,CT,925.7048477,100.4,0.353773733,1.715984967,0.683840981,0.778816212,46.7,25.53846154,4.51,Z,0,CT
0,0,0,0,0,0,0,0,0,1,CT,915.9471499,182.3,0.435834651,1.326651503,0.754048655,2.182905297,76.9,31.70731707,4.53,Z,0,CT
0,0,0,0,0,0,0,0,0,1,CT,940.1734686,77.6,0.390245254,1.563716377,0.714841772,1.207997592,27.6,30.3030303,4.41,W,0,CT
0,0,0,0,0,0,0,0,0,1,CT,886.6577052,151.4,0.714841771,2.677921282,0.916346915,2.084859551,48.5,26.58610272,4.47,W,0,CT
0,0,0,0,0,0,0,0,0,1,CT,1160.895142,181.1,0.506954113,2.384325555,0.440393592,0.732568218,86.4,29.33753943,4.45,W,0,CT
0,0,0,0,0,0,0,0,0,1,CT,1885.241773,83.9,0.568043909,2.725334255,0.277183544,0.7214687,23.6,35.91331269,4.51,W,0,CT
0,0,0,0,0,0,0,0,0,1,CT,903.1700057,4,0.497836234,2.769100078,0.732165744,0.93975923,1.7,63.57827476,4.51,W,0,CT
0,0,0,0,0,0,0,0,0,1,CT,799.392747,1.8,0.454070411,2.524740902,0.375656646,0.727018459,1.2,29.14110429,4.49,N,0,CT
0,0,0,0,0,0,0,0,0,1,CT,1219.4333,48.2,0.332802612,1.910195806,0.638251582,1.633479133,17.1,42.34527687,4.48,N,0,CT
1,0,0,0,0,0,0,0,0,0,I1,910.3498609,3.4,0.343744067,2.014139635,0.511513054,1.485485554,106.1,39.42307692,5.36,Y,1,I1
1,0,0,0,0,0,0,0,0,0,I1,331.4740665,62.2,0.309096123,2.619566852,0.361068038,1.219097111,19.2,25.3869969,5.63,G,1,I1
1,0,0,0,0,0,0,0,0,0,I1,683.5435468,4,0.327331884,2.739011075,0.308184335,1.22649679,1.9,33.55481728,5.49,F,1,I1
1,0,0,0,0,0,0,0,0,0,I1,736.8043593,204,0.289036789,2.120818828,0.516071994,1.08405297,82.5,55.73770492,5.28,F,1,I1
0,1,0,0,0,0,0,0,0,0,I2,1226.370867,9.9,0.24709454,2.042405064,0.450423259,1.128451043,0.9,54.03726708,4.61,N,1,I2
0,1,0,0,0,0,0,0,0,0,I2,892.456995,251.6,0.328243671,2.240263054,0.492365506,1.237596308,73.4,46.25407166,4.69,W,1,I2
0,1,0,0,0,0,0,0,0,0,I2,807.3114224,172.4,0.241623812,2.679744859,0.142238924,1.51508427,49.8,50.15873016,5.24,N,1,I2
0,1,0,0,0,0,0,0,0,0,I2,783.4307838,106.8,0.283566061,1.828134888,0.299978244,1.550232745,36.6,53.74592834,5.89,W,1,I2
0,1,0,0,0,0,0,0,0,0,I2,952.7209268,167.6,0.246182753,2.20561511,0.20241693,1.124751204,59.4,62.85714286,4.88,W,1,I2
0,0,1,0,0,0,0,0,0,0,I3,1050.778616,145.8,0.200593354,1.945755537,0.210623022,1.394839486,51.2,80.37974684,4.32,Z,1,I3
0,0,1,0,0,0,0,0,0,0,I3,1633.784507,199.3,0.241623812,3.524060521,0.265330301,1.283844302,69.7,72.23974763,4.34,A,1,I3
0,0,1,0,0,0,0,0,0,0,I3,843.5104237,37.4,0.218829114,3.570561708,0.313655063,1.047054575,6.1,56.50793651,4.44,N,1,I3
0,0,1,0,0,0,0,0,0,0,I3,835.7337746,128.6,0.330067248,1.49442049,0.249829905,1.331942215,44.1,66.46341463,4.41,A,1,I3
0,0,1,0,0,0,0,0,0,0,I3,926.0918487,19.9,0.285389635,2.140878165,0.167768987,1.134000803,2.6,63.58024691,4.42,A,1,I3
0,0,0,1,0,0,0,0,0,0,C1,774.5662698,238.5,0.238888448,1.240031645,0.254388845,1.300493579,66.3,55.97484277,4.77,W,1,C1
0,0,0,1,0,0,0,0,0,0,C1,793.9128689,91.8,0.221564478,2.015963212,0.170504351,1.104402087,22.5,35.27508091,4.84,H,1,C1
0,0,0,1,0,0,0,0,0,0,C1,627.7407525,5.4,0.256212422,2.317765031,0.124914953,1.36524077,0.9,44.11764706,4.63,N,1,C1
0,0,0,1,0,0,0,0,0,0,C1,740.782985,54.6,0.268065665,2.294970332,0.218829114,1.407788925,19.9,53.87096774,4.67,Z,1,C1
0,0,0,1,0,0,0,0,0,0,C1,783.6637164,74.7,0.262594937,2.226586234,0.175063291,1.246845907,21.8,30.06535948,4.64,F,1,C1
0,0,0,0,1,0,0,0,0,0,C2,722.0359542,157.4,0.193299052,1.105998812,0.250741693,0.754767255,56.2,57.09570957,4.93,H,1,C2
0,0,0,0,1,0,0,0,0,0,C2,862.8571999,6.5,0.372009494,1.991344937,0.417598892,1.248695827,0.7,40.13377926,4.76,H,1,C2
0,0,0,0,1,0,0,0,0,0,C2,803.6577866,135.2,0.541602057,2.189202926,0.529748813,1.389289727,47.8,36.51315789,4.76,Y,1,C2
0,0,0,0,1,0,0,0,0,0,C2,819.8970731,32.2,0.263506724,3.033518592,0.326420095,2.171805778,5.1,47.52475248,4.9,N,1,C2
0,0,0,0,1,0,0,0,0,0,C2,942.0102773,36.9,0.341008703,2.590389636,0.258947785,1.868418941,6.8,35.66878981,4.96,W,1,C2
0,0,0,0,0,1,0,0,0,0,C3,1212.869719,55.1,0.320037579,2.699804193,0.330979035,1.450337079,14.2,58.73015873,4.74,N,1,C3
0,0,0,0,0,1,0,0,0,0,C3,1542.69936,5.9,0.419422467,2.440856407,0.444952532,1.570581862,0.8,53.51170569,4.68,Z,1,C3
0,0,0,0,0,1,0,0,0,0,C3,1493.195368,5.7,0.259859573,2.316853244,0.264418513,1.537283307,0.5,43.64820847,4.68,Y,1,C3
0,0,0,0,0,1,0,0,0,0,C3,1831.670669,1.9,0.454982198,1.939373022,0.314566851,1.422588283,1.5,37.69968051,4.71,A,1,C3
0,0,0,0,0,1,0,0,0,0,C3,1188.38169,34.8,0.301801819,2.002286392,0.372009494,2.292050562,9.3,40.96774194,4.78,A,1,C3
0,0,0,0,0,0,1,0,0,0,M1,1417.313087,3.1,0.356509097,1.986785996,0.413951741,1.516934189,1.2,54.0192926,4.66,G,1,M1
0,0,0,0,0,0,1,0,0,0,M1,872.6964477,2.6,0.318214002,2.33144185,0.240712025,1.524333868,0.6,27.24358974,4.75,G,1,M1
0,0,0,0,0,0,1,0,0,0,M1,1296.193683,0.7,0.360156251,1.987697786,0.36471519,1.344891653,0.1,59.41558442,4.75,G,1,M1
0,0,0,0,0,0,1,0,0,0,M1,1058.387839,22.5,0.239800238,2.387972706,0.291772152,1.552082665,3.8,24.21383648,4.7,G,1,M1
0,0,0,0,0,0,1,0,0,0,M1,1275.299936,2.3,0.620015824,2.385237342,0.312743275,1.520634029,0.1,43.57366771,4.51,H,1,M1
0,0,0,0,0,0,0,1,0,0,M2,433.5045373,306.1,0.186916534,2.063376186,0.334626187,1.36709069,100.4,53.62776025,4.52,G,1,M2
0,0,0,0,0,0,0,1,0,0,M2,598.1633887,38.9,0.214270173,2.197409018,0.277183544,1.492885233,7.2,51.70278638,4.64,W,1,M2
0,0,0,0,0,0,0,1,0,0,M2,926.4714415,3.7,0.237064874,1.74698576,0.246182753,1.22464687,2.2,38.90675241,4.54,A,1,M2
0,0,0,0,0,0,0,1,0,0,M2,799.6277457,4.3,0.269889241,1.713249604,0.210623022,1.333792135,0.1,22.83950617,4.54,F,1,M2
0,0,0,0,0,0,0,1,0,0,M2,1226.304045,1.9,0.231594146,1.716896757,0.261683149,1.019305778,1.5,44.26229508,4.57,Z,1,M2
0,0,0,0,0,0,0,0,1,0,M3,801.5649941,209.5,0.248918117,2.086170887,0.252565269,1.898017657,61.6,52.83018868,4.67,G,1,M3
0,0,0,0,0,0,0,0,1,0,M3,2252.033408,195.6,0.18418117,2.583095331,0.250741693,1.291243981,74.2,39.40298507,4.52,W,1,M3
0,0,0,0,0,0,0,0,1,0,M3,1742.463415,225.7,0.444040743,2.805571599,0.27444818,1.498434992,70.1,56.78233438,4.49,W,1,M3
0,0,0,0,0,0,0,0,1,0,M3,1452.382577,2.1,0.348303005,2.584007121,0.462276503,1.202447833,0.5,29.55974843,4.51,G,1,M3
0,0,0,0,0,0,0,0,1,0,M3,1351.591,2.2,0.236153085,2.348765824,0.526101661,2.554739165,0.8,39.87138264,4.48,W,1,M3
0,0,0,0,0,0,0,0,1,1,M3,1341.764591,113.5,0.442217169,1.653983387,0.593573972,1.607580257,37.8,32.51533742,4.46,,1,M3
0,0,0,0,0,0,0,0,1,1,M3,1123.3329,75.8,0.484159415,1.369505539,0.846139241,2.386396469,24.8,40.83601286,4.45,H,1,M3
0,0,0,0,0,0,0,0,1,1,M3,1237.323569,3.4,0.518807359,3.160257119,0.480512263,0.989707063,0.2,36.08562691,4.47,H,1,M3
0,1,0,0,0,0,0,0,0,1,I2,961.410151,175.8,0.488718355,2.821983783,0.415775316,1.398539326,142.9,41.89202532,4.45,Z,1,I2
0,1,0,0,0,0,0,0,0,1,I2,1339.617402,111.3,0.24800633,2.387972706,0.587191456,1.470686196,90.4,43.34365325,4.51,G,1,I2
0,1,0,0,0,0,0,0,0,1,I2,1059.907673,132.6,0.368362343,2.113524526,0.72487144,1.433687801,45.6,40.63492063,4.46,G,1,I2
0,1,0,0,0,0,0,0,0,1,I2,1114.619385,106.4,0.282654271,2.391619857,0.623662975,1.714875602,36.9,39.14373089,4.5,G,1,I2
0,1,0,0,0,0,0,0,0,1,I2,1232.742984,6.87,0.410304589,2.571242089,0.827903481,2.149606742,0.1,34.169279,4.42,G,1,I2
0,0,1,0,0,0,0,0,0,1,I3,925.7048477,9.3,0.549808149,2.636890823,0.505130538,1.503984751,0.8,37.61755486,4.23,F,1,I3
0,0,1,0,0,0,0,0,0,1,I3,915.9471499,12.5,0.455893988,2.602242879,0.465011867,1.600180578,1.2,31.37829912,4.29,A,1,I3
0,0,1,0,0,0,0,0,0,1,I3,940.1734686,148.7,0.433099287,2.811954114,0.505130538,1.577981541,33,36.22291022,4.25,F,1,I3
0,0,1,0,0,0,0,0,0,1,I3,886.6577052,141.1,0.447687896,1.593805381,0.595397547,1.674177368,51.1,36.70886076,4.22,,1,I3
0,0,1,0,0,0,0,0,0,1,I3,1160.895142,77.3,0.242535602,2.633243672,0.566220332,1.788872392,25.8,34.18530351,4.24,F,1,I3
0,0,0,1,0,0,0,0,0,1,C1,1528.703776,2.3,0.448599684,3.235935522,0.581720728,1.235746388,1.8,40.82278481,4.51,,1,C1
0,0,0,1,0,0,0,0,0,1,C1,1040.740319,11.6,0.413039953,1.855488528,0.379303797,1.261645265,1.9,27.79552716,4.62,F,1,C1
0,0,0,1,0,0,0,0,0,1,C1,1186.424667,20.3,0.286301425,2.170055379,0.581720728,1.409638844,3.5,33.33333333,4.6,A,1,C1
0,0,0,1,0,0,0,0,0,1,C1,949.222481,10.2,0.282654271,2.013227848,0.194210839,1.134000803,1.4,28,4.61,A,1,C1
0,0,0,1,0,0,0,0,0,1,C1,847.1410082,3.6,0.3109197,2.016874999,0.630957278,2.010862761,4.5,42.58064516,4.71,F,1,C1
0,0,0,0,1,0,0,0,0,1,C2,1000.499293,106.7,0.342832278,1.516303401,0.528837025,1.759273676,36.6,44.30379747,4.82,G,1,C2
0,0,0,0,1,0,0,0,0,1,C2,988.6032318,3.1,0.500571598,1.673130934,0.450423259,1.644578652,0.9,42.15384615,4.76,H,1,C2
0,0,0,0,1,0,0,0,0,1,C2,1399.913535,65.8,0.568043909,2.531123417,0.669252373,1.888768058,15.2,33.12693498,4.91,H,1,C2
0,0,0,0,1,0,0,0,0,1,C2,964.3391339,17.8,0.802373417,3.091873021,0.531572389,1.72782504,1.8,32.60188088,4.91,Z,1,C2
0,0,0,0,1,0,0,0,0,1,C2,812.9754449,21.2,0.382950949,2.560300633,0.565308544,1.827720706,1.6,37.69968051,4.84,F,1,C2
0,0,0,0,0,1,0,0,0,1,C3,1048.422077,102.8,0.557102453,2.686127373,0.614545095,1.635329053,49,27.35849057,4.67,W,1,C3
0,0,0,0,0,1,0,0,0,1,C3,1229.68626,227.1,0.872581092,2.170055379,0.540690269,1.607580257,75.7,42.94670846,4.57,H,1,C3
0,0,0,0,0,1,0,0,0,1,C3,1889.685408,10.7,0.358332674,2.35879549,0.716665348,1.148800161,0.9,52.64797508,4.6,W,1,C3
0,0,0,0,0,1,0,0,0,1,C3,1541.562647,344,0.528837024,3.035342169,0.63460443,1.376340289,166.3,29.53846154,4.48,H,1,C3
0,0,0,0,0,1,0,0,0,1,C3,1830.104778,57.5,0.58536788,2.811954114,0.442217168,1.552082665,0.5,36.02484472,4.99,N,1,C3
0,0,0,0,0,0,1,0,0,1,M1,985.0159457,63.2,0.175063291,2.078876582,0.318214003,1.417038523,19.1,34.7826087,4.46,W,1,M1
0,0,0,0,0,0,1,0,0,1,M1,906.6185711,76.9,0.220652691,2.059729035,0.290860364,1.72967496,38,27.24458204,4.62,W,1,M1
0,0,0,0,0,0,1,0,0,1,M1,1207.466462,108.5,0.427628559,1.334857595,0.349214794,1.5835313,46.7,38.19875776,4.41,H,1,M1
0,0,0,0,0,0,1,0,0,1,M1,922.1613619,3.5,0.367450553,2.197409018,0.310919699,1.51138443,1.3,30.19480519,4.34,H,1,M1
0,0,0,0,0,0,1,0,0,1,M1,917.7932854,164.2,0.307272547,2.648744066,0.422157832,1.124751204,57,33.01886792,4.45,H,1,M1
0,0,0,0,0,0,0,1,0,1,M2,998.5252692,194.6,0.522454509,2.451797863,0.521542722,1.331942215,70.9,43.47826087,4.41,W,1,M2
0,0,0,0,0,0,0,1,0,1,M2,811.6551491,85.3,0.47686511,2.176437896,0.626398339,1.374490369,34.3,42.27129338,4.44,H,1,M2
0,0,0,0,0,0,0,1,0,1,M2,1142.211509,95.5,0.375656645,1.885577531,0.598132911,1.633479133,51.1,37.57961783,4.47,W,1,M2
0,0,0,0,0,0,0,1,0,1,M2,1049.176156,86.1,0.458629352,2.273999208,0.486894778,1.444787319,35.8,32.81733746,4.48,Z,1,M2
0,0,0,0,0,0,0,1,0,1,M2,1089.295137,44.3,0.422157831,2.652391219,0.471394383,1.775922953,16.4,45.09202454,4.52,Z,1,M2
1,0,0,0,0,0,0,0,0,1,I1,822.7507041,44.6,0.592662184,2.17917326,0.516071994,1.182098716,15.7,39.38461538,5.18,W,1,I1
1,0,0,0,0,0,0,0,0,1,I1,1076.963109,107.8,0.423069621,2.218380142,0.246182753,1.422588283,27.4,45.34161491,4.99,H,1,I1
1,0,0,0,0,0,0,0,0,1,I1,1293.870348,149.4,0.406657438,3.010723893,0.331890823,1.818471108,106.8,37.21682848,5.14,Z,1,I1
1,0,0,0,0,0,0,0,0,1,I1,1020.688546,29.2,0.362891615,2.288587817,0.500571598,1.696376404,7.1,35.69230769,5.11,N,1,I1
1,0,0,0,0,0,0,0,0,1,I1,1145.214427,3.7,0.308184336,3.299760679,0.498748022,1.350441413,0.7,53.41614907,5.16,H,1,I1
0,0,0,0,0,0,0,1,0,0,M1,889.867435,36,0.356509097,2.671538767,0.34647943,2.08855939,8.5,30.37974684,4.62,F,1,M1
1,0,0,0,0,0,0,0,0,0,I1,910.3498609,3.4,0.343744067,2.014139635,0.511513054,1.485485554,106.1,39.42307692,5.36,Y,1,1
1,0,0,0,0,0,0,0,0,0,I1,331.4740665,62.2,0.309096123,2.619566852,0.361068038,1.219097111,19.2,25.3869969,5.63,G,1,1
1,0,0,0,0,0,0,0,0,0,I1,683.5435468,4,0.327331884,2.739011075,0.308184335,1.22649679,1.9,33.55481728,5.49,F,1,1
1,0,0,0,0,0,0,0,0,0,I1,736.8043593,204,0.289036789,2.120818828,0.516071994,1.08405297,82.5,55.73770492,5.28,F,1,1
0,1,0,0,0,0,0,0,0,0,I2,1226.370867,9.9,0.24709454,2.042405064,0.450423259,1.128451043,0.9,54.03726708,4.61,N,1,1
0,1,0,0,0,0,0,0,0,0,I2,892.456995,251.6,0.328243671,2.240263054,0.492365506,1.237596308,73.4,46.25407166,4.69,W,1,1
0,1,0,0,0,0,0,0,0,0,I2,807.3114224,172.4,0.241623812,2.679744859,0.142238924,1.51508427,49.8,50.15873016,5.24,N,1,1
0,1,0,0,0,0,0,0,0,0,I2,783.4307838,106.8,0.283566061,1.828134888,0.299978244,1.550232745,36.6,53.74592834,5.89,W,1,1
0,1,0,0,0,0,0,0,0,0,I2,952.7209268,167.6,0.246182753,2.20561511,0.20241693,1.124751204,59.4,62.85714286,4.88,W,1,1
0,0,1,0,0,0,0,0,0,0,I3,1050.778616,145.8,0.200593354,1.945755537,0.210623022,1.394839486,51.2,80.37974684,4.32,Z,1,1
0,0,1,0,0,0,0,0,0,0,I3,1633.784507,199.3,0.241623812,3.524060521,0.265330301,1.283844302,69.7,72.23974763,4.34,A,1,1
0,0,1,0,0,0,0,0,0,0,I3,843.5104237,37.4,0.218829114,3.570561708,0.313655063,1.047054575,6.1,56.50793651,4.44,N,1,1
0,0,1,0,0,0,0,0,0,0,I3,835.7337746,128.6,0.330067248,1.49442049,0.249829905,1.331942215,44.1,66.46341463,4.41,A,1,1
0,0,1,0,0,0,0,0,0,0,I3,926.0918487,19.9,0.285389635,2.140878165,0.167768987,1.134000803,2.6,63.58024691,4.42,A,1,1
0,0,0,1,0,0,0,0,0,0,C1,774.5662698,238.5,0.238888448,1.240031645,0.254388845,1.300493579,66.3,55.97484277,4.77,W,1,1
0,0,0,1,0,0,0,0,0,0,C1,793.9128689,91.8,0.221564478,2.015963212,0.170504351,1.104402087,22.5,35.27508091,4.84,H,1,1
0,0,0,1,0,0,0,0,0,0,C1,627.7407525,5.4,0.256212422,2.317765031,0.124914953,1.36524077,0.9,44.11764706,4.63,N,1,1
0,0,0,1,0,0,0,0,0,0,C1,740.782985,54.6,0.268065665,2.294970332,0.218829114,1.407788925,19.9,53.87096774,4.67,Z,1,1
0,0,0,1,0,0,0,0,0,0,C1,783.6637164,74.7,0.262594937,2.226586234,0.175063291,1.246845907,21.8,30.06535948,4.64,F,1,1
0,0,0,0,1,0,0,0,0,0,C2,722.0359542,157.4,0.193299052,1.105998812,0.250741693,0.754767255,56.2,57.09570957,4.93,H,1,1
0,0,0,0,1,0,0,0,0,0,C2,862.8571999,6.5,0.372009494,1.991344937,0.417598892,1.248695827,0.7,40.13377926,4.76,H,1,1
0,0,0,0,1,0,0,0,0,0,C2,803.6577866,135.2,0.541602057,2.189202926,0.529748813,1.389289727,47.8,36.51315789,4.76,Y,1,1
0,0,0,0,1,0,0,0,0,0,C2,819.8970731,32.2,0.263506724,3.033518592,0.326420095,2.171805778,5.1,47.52475248,4.9,N,1,1
0,0,0,0,1,0,0,0,0,0,C2,942.0102773,36.9,0.341008703,2.590389636,0.258947785,1.868418941,6.8,35.66878981,4.96,W,1,1
0,0,0,0,0,1,0,0,0,0,C3,1212.869719,55.1,0.320037579,2.699804193,0.330979035,1.450337079,14.2,58.73015873,4.74,N,1,1
0,0,0,0,0,1,0,0,0,0,C3,1542.69936,5.9,0.419422467,2.440856407,0.444952532,1.570581862,0.8,53.51170569,4.68,Z,1,1
0,0,0,0,0,1,0,0,0,0,C3,1493.195368,5.7,0.259859573,2.316853244,0.264418513,1.537283307,0.5,43.64820847,4.68,Y,1,1
0,0,0,0,0,1,0,0,0,0,C3,1831.670669,1.9,0.454982198,1.939373022,0.314566851,1.422588283,1.5,37.69968051,4.71,A,1,1
0,0,0,0,0,1,0,0,0,0,C3,1188.38169,34.8,0.301801819,2.002286392,0.372009494,2.292050562,9.3,40.96774194,4.78,A,1,1
0,0,0,0,0,0,1,0,0,0,M1,1417.313087,3.1,0.356509097,1.986785996,0.413951741,1.516934189,1.2,54.0192926,4.66,G,1,1
0,0,0,0,0,0,1,0,0,0,M1,872.6964477,2.6,0.318214002,2.33144185,0.240712025,1.524333868,0.6,27.24358974,4.75,G,1,1
0,0,0,0,0,0,1,0,0,0,M1,1296.193683,0.7,0.360156251,1.987697786,0.36471519,1.344891653,0.1,59.41558442,4.75,G,1,1
0,0,0,0,0,0,1,0,0,0,M1,1058.387839,22.5,0.239800238,2.387972706,0.291772152,1.552082665,3.8,24.21383648,4.7,G,1,1
0,0,0,0,0,0,1,0,0,0,M1,1275.299936,2.3,0.620015824,2.385237342,0.312743275,1.520634029,0.1,43.57366771,4.51,H,1,1
0,0,0,0,0,0,0,1,0,0,M2,433.5045373,306.1,0.186916534,2.063376186,0.334626187,1.36709069,100.4,53.62776025,4.52,G,1,1
0,0,0,0,0,0,0,1,0,0,M2,598.1633887,38.9,0.214270173,2.197409018,0.277183544,1.492885233,7.2,51.70278638,4.64,W,1,1
0,0,0,0,0,0,0,1,0,0,M2,926.4714415,3.7,0.237064874,1.74698576,0.246182753,1.22464687,2.2,38.90675241,4.54,A,1,1
0,0,0,0,0,0,0,1,0,0,M2,799.6277457,4.3,0.269889241,1.713249604,0.210623022,1.333792135,0.1,22.83950617,4.54,F,1,1
0,0,0,0,0,0,0,1,0,0,M2,1226.304045,1.9,0.231594146,1.716896757,0.261683149,1.019305778,1.5,44.26229508,4.57,Z,1,1
0,0,0,0,0,0,0,0,1,0,M3,801.5649941,209.5,0.248918117,2.086170887,0.252565269,1.898017657,61.6,52.83018868,4.67,G,1,1
0,0,0,0,0,0,0,0,1,0,M3,5.491000056,195.6,0.18418117,2.583095331,0.250741693,1.291243981,74.2,39.40298507,4.52,W,1,1
0,0,0,0,0,0,0,0,1,0,M3,4.461939931,225.7,0.444040743,2.805571599,0.27444818,1.498434992,70.1,56.78233438,4.49,W,1,1
0,0,0,0,0,0,0,0,1,0,M3,3.876131058,2.1,0.348303005,2.584007121,0.462276503,1.202447833,0.5,29.55974843,4.51,G,1,1
0,0,0,0,0,0,0,0,1,0,M3,3.672585726,2.2,0.236153085,2.348765824,0.526101661,2.554739165,0.8,39.87138264,4.48,W,1,1
0,0,0,0,0,0,0,0,1,1,M3,1341.764591,113.5,0.442217169,1.653983387,0.593573972,1.607580257,37.8,32.51533742,4.46,,1,1
0,0,0,0,0,0,0,0,1,1,M3,1123.3329,75.8,0.484159415,1.369505539,0.846139241,2.386396469,24.8,40.83601286,4.45,H,1,1
0,0,0,0,0,0,0,0,1,1,M3,1237.323569,3.4,0.518807359,3.160257119,0.480512263,0.989707063,0.2,36.08562691,4.47,H,1,1
0,1,0,0,0,0,0,0,0,1,I2,961.410151,175.8,0.488718355,2.821983783,0.415775316,1.398539326,142.9,41.89202532,4.45,Z,1,1
0,1,0,0,0,0,0,0,0,1,I2,1339.617402,111.3,0.24800633,2.387972706,0.587191456,1.470686196,90.4,43.34365325,4.51,G,1,1
0,1,0,0,0,0,0,0,0,1,I2,1059.907673,132.6,0.368362343,2.113524526,0.72487144,1.433687801,45.6,40.63492063,4.46,G,1,1
0,1,0,0,0,0,0,0,0,1,I2,1114.619385,106.4,0.282654271,2.391619857,0.623662975,1.714875602,36.9,39.14373089,4.5,G,1,1
0,1,0,0,0,0,0,0,0,1,I2,1232.742984,6.87,0.410304589,2.571242089,0.827903481,2.149606742,0.1,34.169279,4.42,G,1,1
0,0,1,0,0,0,0,0,0,1,I3,925.7048477,9.3,0.549808149,2.636890823,0.505130538,1.503984751,0.8,37.61755486,4.23,F,1,1
0,0,1,0,0,0,0,0,0,1,I3,915.9471499,12.5,0.455893988,2.602242879,0.465011867,1.600180578,1.2,31.37829912,4.29,A,1,1
0,0,1,0,0,0,0,0,0,1,I3,940.1734686,148.7,0.433099287,2.811954114,0.505130538,1.577981541,33,36.22291022,4.25,F,1,1
0,0,1,0,0,0,0,0,0,1,I3,886.6577052,141.1,0.447687896,1.593805381,0.595397547,1.674177368,51.1,36.70886076,4.22,,1,1
0,0,1,0,0,0,0,0,0,1,I3,1160.895142,77.3,0.242535602,2.633243672,0.566220332,1.788872392,25.8,34.18530351,4.24,F,1,1
0,0,0,1,0,0,0,0,0,1,C1,1528.703776,2.3,0.448599684,3.235935522,0.581720728,1.235746388,1.8,40.82278481,4.51,,1,1
0,0,0,1,0,0,0,0,0,1,C1,1040.740319,11.6,0.413039953,1.855488528,0.379303797,1.261645265,1.9,27.79552716,4.62,F,1,1
0,0,0,1,0,0,0,0,0,1,C1,1186.424667,20.3,0.286301425,2.170055379,0.581720728,1.409638844,3.5,33.33333333,4.6,A,1,1
0,0,0,1,0,0,0,0,0,1,C1,949.222481,10.2,0.282654271,2.013227848,0.194210839,1.134000803,1.4,28,4.61,A,1,1
0,0,0,1,0,0,0,0,0,1,C1,847.1410082,3.6,0.3109197,2.016874999,0.630957278,2.010862761,4.5,42.58064516,4.71,F,1,1
0,0,0,0,1,0,0,0,0,1,C2,1000.499293,106.7,0.342832278,1.516303401,0.528837025,1.759273676,36.6,44.30379747,4.82,G,1,1
0,0,0,0,1,0,0,0,0,1,C2,988.6032318,3.1,0.500571598,1.673130934,0.450423259,1.644578652,0.9,42.15384615,4.76,H,1,1
0,0,0,0,1,0,0,0,0,1,C2,1399.913535,65.8,0.568043909,2.531123417,0.669252373,1.888768058,15.2,33.12693498,4.91,H,1,1
0,0,0,0,1,0,0,0,0,1,C2,964.3391339,17.8,0.802373417,3.091873021,0.531572389,1.72782504,1.8,32.60188088,4.91,Z,1,1
0,0,0,0,1,0,0,0,0,1,C2,812.9754449,21.2,0.382950949,2.560300633,0.565308544,1.827720706,1.6,37.69968051,4.84,F,1,1
0,0,0,0,0,1,0,0,0,1,C3,1048.422077,102.8,0.557102453,2.686127373,0.614545095,1.635329053,49,27.35849057,4.67,W,1,1
0,0,0,0,0,1,0,0,0,1,C3,1229.68626,227.1,0.872581092,2.170055379,0.540690269,1.607580257,75.7,42.94670846,4.57,H,1,1
0,0,0,0,0,1,0,0,0,1,C3,1889.685408,10.7,0.358332674,2.35879549,0.716665348,1.148800161,0.9,52.64797508,4.6,W,1,1
0,0,0,0,0,1,0,0,0,1,C3,1541.562647,344,0.528837024,3.035342169,0.63460443,1.376340289,166.3,29.53846154,4.48,H,1,1
0,0,0,0,0,1,0,0,0,1,C3,1830.104778,57.5,0.58536788,2.811954114,0.442217168,1.552082665,0.5,36.02484472,4.99,N,1,1
0,0,0,0,0,0,1,0,0,1,M1,985.0159457,63.2,0.175063291,2.078876582,0.318214003,1.417038523,19.1,34.7826087,4.46,W,1,1
0,0,0,0,0,0,1,0,0,1,M1,906.6185711,76.9,0.220652691,2.059729035,0.290860364,1.72967496,38,27.24458204,4.62,W,1,1
0,0,0,0,0,0,1,0,0,1,M1,1207.466462,108.5,0.427628559,1.334857595,0.349214794,1.5835313,46.7,38.19875776,4.41,H,1,1
0,0,0,0,0,0,1,0,0,1,M1,922.1613619,3.5,0.367450553,2.197409018,0.310919699,1.51138443,1.3,30.19480519,4.34,H,1,1
0,0,0,0,0,0,1,0,0,1,M1,917.7932854,164.2,0.307272547,2.648744066,0.422157832,1.124751204,57,33.01886792,4.45,H,1,1
0,0,0,0,0,0,0,1,0,1,M2,998.5252692,194.6,0.522454509,2.451797863,0.521542722,1.331942215,70.9,43.47826087,4.41,W,1,1
0,0,0,0,0,0,0,1,0,1,M2,811.6551491,85.3,0.47686511,2.176437896,0.626398339,1.374490369,34.3,42.27129338,4.44,H,1,1
0,0,0,0,0,0,0,1,0,1,M2,1142.211509,95.5,0.375656645,1.885577531,0.598132911,1.633479133,51.1,37.57961783,4.47,W,1,1
0,0,0,0,0,0,0,1,0,1,M2,1049.176156,86.1,0.458629352,2.273999208,0.486894778,1.444787319,35.8,32.81733746,4.48,Z,1,1
0,0,0,0,0,0,0,1,0,1,M2,1089.295137,44.3,0.422157831,2.652391219,0.471394383,1.775922953,16.4,45.09202454,4.52,Z,1,1
1,0,0,0,0,0,0,0,0,1,I1,822.7507041,44.6,0.592662184,2.17917326,0.516071994,1.182098716,15.7,39.38461538,5.18,W,1,1
1,0,0,0,0,0,0,0,0,1,I1,1076.963109,107.8,0.423069621,2.218380142,0.246182753,1.422588283,27.4,45.34161491,4.99,H,1,1
1,0,0,0,0,0,0,0,0,1,I1,1293.870348,149.4,0.406657438,3.010723893,0.331890823,1.818471108,106.8,37.21682848,5.14,Z,1,1
1,0,0,0,0,0,0,0,0,1,I1,1020.688546,29.2,0.362891615,2.288587817,0.500571598,1.696376404,7.1,35.69230769,5.11,N,1,1
1,0,0,0,0,0,0,0,0,1,I1,1145.214427,3.7,0.308184336,3.299760679,0.498748022,1.350441413,0.7,53.41614907,5.16,H,1,1
0,0,0,0,0,0,0,1,0,0,M1,889.867435,36,0.356509097,2.671538767,0.34647943,2.08855939,8.5,30.37974684,4.62,F,1,1
1,1,1,0,0,0,0,0,0,0,3_in,1085.473325,83.3,0.436746441,3.020753559,0.172327927,2.182905297,13.6,61.99376947,5.07,Y,3,3
1,1,1,0,0,0,0,0,0,0,3_in,969.211091,69.2,0.404833861,3.014371044,0.244359177,1.344891653,14.2,84.44444444,4.85,A,3,3
1,1,1,0,0,0,0,0,0,0,3_in,1100.733863,6.3,0.311831487,2.279469936,0.217917326,1.041504815,2.4,79.03225806,4.8,W,3,3
1,1,1,0,0,0,0,0,0,0,3_in,870.8363811,111.5,0.33736155,3.34899723,0.179622231,1.137700642,20.4,55.75757576,4.55,Z,3,3
0,0,0,1,1,1,0,0,0,0,3_in,1391.724118,124.2,0.406657438,3.356291535,0.308184335,1.272744783,37.3,48.02631579,5.22,F,3,3
0,0,0,1,1,1,0,0,0,0,3_in,1028.540665,215.7,0.289036789,3.414645964,0.156827532,1.2930939,90.5,49.83606557,5.16,F,3,3
0,0,0,1,1,1,0,0,0,0,3_in,1445.778383,202,0.398451346,2.745393593,0.127650316,1.520634029,78.5,63.93442623,5.24,F,3,3
0,0,0,1,1,1,0,0,0,0,3_in,1504.024667,116.3,0.328243671,3.624357199,0.163210047,1.502134831,37.3,58.66261398,5.35,Z,3,3
0,0,0,1,1,1,0,0,0,0,3_in,1442.270699,262,0.320949366,2.602242879,0.356509098,1.502134831,46.2,58.36065574,5.35,F,3,3
0,0,0,0,0,0,1,1,1,0,3_in,1000.332888,44.1,0.230682357,2.849337422,0.099384889,1.344891653,10.7,46.05678233,4.72,H,3,3
0,0,0,0,0,0,1,1,1,0,3_in,781.9804448,2.4,0.272624605,1.979491694,0.158651108,1.557632424,0.7,46.3022508,4.6,H,3,3
0,0,0,0,0,0,1,1,1,0,3_in,1035.649065,113.3,0.264418514,1.952138055,0.084796282,1.330092295,32.3,50.15772871,4.58,W,3,3
0,0,0,0,0,0,1,1,1,0,3_in,786.3204526,19.7,0.26077136,2.483710443,0.243447389,1.098852327,3.6,45.9807074,4.54,W,3,3
0,0,0,0,0,0,1,1,1,0,3_in,699.1325876,2.1,0.22977057,1.426948181,0.437658228,1.363390851,0.1,44.08945687,4.57,W,3,3
1,1,1,0,0,0,0,0,0,1,3_in,1122.469792,4.8,0.35559731,2.483710443,0.36015625,1.085902889,1.3,38.67924528,4.79,Y,3,3
1,1,1,0,0,0,0,0,0,1,3_in,997.4860451,91.1,0.459541139,2.673362341,0.30180182,1.383739968,20.9,49.09090909,4.83,Y,3,3
1,1,1,0,0,0,0,0,0,1,3_in,1236.408426,67.1,0.285389635,2.482798656,0.210623022,1.670477528,14.4,29.32098765,4.72,Z,3,3
1,1,1,0,0,0,0,0,0,1,3_in,728.362648,62.2,0.322772943,2.355148339,0.36471519,1.328242376,12.4,32.17665615,4.77,A,3,3
1,1,1,0,0,0,0,0,0,1,3_in,956.4980535,70,0.333714399,2.539329509,0.481424051,1.343041734,33.5,37.70491803,4.81,F,3,3
0,0,0,1,1,1,0,0,0,1,3_in,2252.033408,77.3,0.712106407,2.480063292,0.620927611,1.613130016,28.9,28.66043614,5.09,N,3,3
0,0,0,1,1,1,0,0,0,1,3_in,1742.463415,41.2,0.55436709,2.964222707,0.545249209,2.103358748,14.6,25.55205047,4.89,N,3,3
0,0,0,1,1,1,0,0,0,1,3_in,1452.382577,43.5,0.403922074,3.455676423,0.552543513,1.187648475,13.9,33.75,4.93,F,3,3
0,0,0,1,1,1,0,0,0,1,3_in,1351.591,1.6,0.356509097,3.214964398,0.611809731,1.849919743,3,40.96774194,4.95,N,3,3
0,0,0,1,1,1,0,0,0,1,3_in,1308.832283,90.6,0.424893195,3.183051821,0.740371835,1.796272071,25.3,37.45928339,5,Y,3,3
0,0,0,0,0,0,1,1,1,1,3_in,991.880728,42.8,0.447687896,2.093465189,0.782314082,1.642728732,27.1,29.87421384,4.52,F,3,3
0,0,0,0,0,0,1,1,1,1,3_in,1106.465032,115,0.485071202,2.963310917,0.472306171,2.023812199,55.7,28.52459016,4.41,A,3,3
0,0,0,0,0,0,1,1,1,1,3_in,1044.024456,63.7,0.808755934,2.132672074,0.494189082,1.877668539,25.1,35.91331269,4.52,A,3,3
0,0,0,0,0,0,1,1,1,1,3_in,899.3600288,6.1,0.827903482,1.746073971,0.664693434,1.51138443,3.4,31.51515152,4.45,A,3,3
0,0,0,0,0,0,1,1,1,1,3_in,1036.895101,2.6,0.331890822,2.496475476,0.387509889,1.614979936,0.2,33.65079365,4.48,Z,3,3
0,0,1,0,0,1,1,0,0,0,3,1026.038,116.8,0.456805775,1.831782042,0.313655063,0.64747191,45.2,93.24758842,4.2,H,3,3
0,0,1,0,1,0,0,1,0,0,3,1168.004485,98.6,0.40118671,1.640306567,0.15773932,0.695569823,39.2,94.6875,4.36,H,3,3
0,1,0,1,0,0,1,0,0,0,3,1508.897628,172.6,0.350126582,2.462739319,0.275359968,1.004506421,69.7,59.13312693,4.6,W,3,3
0,1,0,0,1,0,0,1,0,0,3,884.4373192,410.6,0.378392009,2.291323181,0.247094541,1.115501605,113.9,57.60517799,4.67,G,3,3
1,0,0,0,0,1,0,0,1,0,3,1368.481683,94.5,0.568955696,3.097343749,0.386598101,2.103358748,30.8,61.53846154,5.04,H,3,3
0,0,1,1,0,0,1,0,0,0,3,893.9707913,115.1,0.391157041,1.736956092,0.147709652,1.061853933,35.5,79.67741935,4.33,H,3,3
1,0,0,1,0,0,0,1,0,0,3,791.845961,2.4,0.448599684,2.490092958,0.539778481,1.65752809,0.9,53.60501567,5.07,N,3,3
1,0,0,0,1,0,0,0,1,0,3,1506.179589,320.9,0.249829904,2.437209256,0.282654272,1.061853933,98,61.19873817,5.32,W,3,3
0,1,0,0,0,1,0,1,0,0,3,1434.624182,52.7,0.630957279,2.902221123,0.582632516,1.183948636,19.7,57.00325733,4.59,G,3,3
0,0,1,0,1,0,0,0,1,0,3,1048.242448,331.4,0.696606014,2.236615903,0.367450554,1.085902889,141.9,85.25641026,4.41,H,3,3
0,0,1,0,1,0,1,0,0,0,3,1430.679646,116.2,0.40118671,1.932078717,0.392980617,1.267195024,32.4,78.6163522,4.47,H,3,3
0,0,1,0,0,1,0,1,0,0,3,1042.375864,29.3,0.590838608,2.39070807,0.527925237,1.211697432,48.6,87.5,4.35,N,3,3
0,0,1,1,0,0,0,0,1,0,3,734.5618369,112.3,0.391157041,1.62024723,0.49054193,1.191348315,4.2,85.06493506,4.28,Y,3,3
1,0,0,0,1,0,1,0,0,0,3,369.8136452,36.1,0.466835444,2.666068039,0.521542722,1.302343499,44.2,54.85893417,5.3,G,3,3
1,0,0,1,0,0,1,0,0,0,3,997.3595142,108.8,0.316390428,3.021665349,0.681105617,1.063703852,6.8,44.76190476,5.5,N,3,3
0,1,0,0,0,1,0,0,1,0,3,942.6063628,106.5,0.434011077,2.685215586,1.001143196,1.378190209,30.1,56.86900958,4.73,Z,3,3
0,1,0,0,0,1,1,0,0,0,3,1203.546925,39.1,0.607250791,2.288587817,0.330067247,1.026705457,51,55.22875817,4.64,Y,3,3
0,0,1,1,0,0,0,1,0,0,3,1016.479999,89,0.40118671,1.71507318,0.530660601,0.480979133,11.2,86.75496689,4.33,N,3,3
0,0,1,0,0,1,1,0,0,1,3,1024.558645,30.1,0.405745648,2.650567642,0.335537975,2.046011236,8.2,33.23353293,4.36,H,3,3
0,0,1,0,1,0,0,1,0,1,3,1011.142353,49.8,0.821520964,2.967869858,0.352861946,2.127407705,1.7,29.32098765,4.54,A,3,3
0,1,0,0,1,0,0,1,0,1,3,1377.36364,0.8,1.674954509,3.688182357,0.617280459,0.974907705,35.9,30.8411215,4.81,F,3,3
1,0,0,0,0,1,0,0,1,1,3,941.0212877,79.1,0.763166535,3.814920887,0.484159415,1.29864366,10.8,37.42138365,5.13,A,3,3
0,0,1,1,0,0,1,0,0,1,3,1497.521208,98.1,0.404833861,2.280381726,0.288125,0.954558587,29.4,49.52076677,4.31,Y,3,3
1,0,0,1,0,0,0,1,0,1,3,899.3896029,0.9,0.266242088,2.85389636,0.227035206,0.749217496,1.2,32.89473684,4.88,A,3,3
1,0,0,0,1,0,0,0,1,1,3,952.0896889,65.3,0.55436709,1.977668117,0.506042326,1.977564205,37.9,33.2278481,5.18,A,3,3
0,1,0,0,0,1,0,1,0,1,3,1443.764602,4.1,0.631869066,1.693190269,0.246182753,1.522483949,0.6,27.95031056,4.67,A,3,3
0,0,1,0,1,0,0,0,1,1,3,1076.483726,20.4,0.620927611,2.391619857,0.604515427,0.847263242,5.1,37.73584906,4.52,A,3,3
0,0,1,0,1,0,1,0,0,1,3,907.253823,115,0.366538766,2.780953324,0.425804984,1.426288122,34.1,31.06796117,4.49,Z,3,3
0,0,1,0,0,1,0,1,0,1,3,849.3173579,1.9,0.669252374,3.093696598,0.241623813,1.666777689,1.1,34.38485804,4.34,A,3,3
0,0,1,1,0,0,0,0,1,1,3,2333.255223,56.7,0.41395174,2.043316851,0.213358386,1.692676565,17.7,34.82428115,4.36,A,3,3
1,0,0,0,1,0,1,0,0,1,3,670.5535697,12.8,0.547984572,3.521325157,0.66195807,1.289394061,1.6,44.29967427,5.15,Y,3,3
0,1,0,1,0,0,0,0,1,1,3,889.0970633,4.5,0.3865981,2.359707279,0.155915744,1.94426565,0.6,25.32051282,4.67,Y,3,3
1,0,0,1,0,0,1,0,0,1,3,1861.890958,2,0.31000791,2.762717563,0.354685522,1.331942215,4.2,35.35031847,4.98,,3,3
0,1,0,0,0,1,0,0,1,1,3,1497.964111,76.7,0.55436709,3.1465803,0.760431171,2.081159711,34.4,29.18032787,4.67,G,3,3
0,1,0,0,0,1,1,0,0,1,3,611.9987647,18.4,0.422157831,3.131079906,0.276271756,1.304193419,6.4,28.88888889,4.6,Y,3,3
0,0,1,1,0,0,0,1,0,1,3,1328.901145,84.4,0.604515427,2.74630538,0.50421875,2.197704655,40,30.34055728,4.36,A,3,3
1,0,1,1,1,0,1,1,0,0,6,909.7712188,32.5,0.685664558,2.032375396,0.214270174,1.013756019,4.5,65.10903427,4.97,N,6,6
0,1,1,1,1,0,1,1,0,0,6,669.8210067,64.8,0.454982198,1.825399524,0.380215585,0.514277689,14.6,46.64536741,4.69,Z,6,6
0,1,1,0,1,1,1,0,1,0,6,807.8308869,25.8,0.536131329,2.156378559,0.586279668,1.026705457,4.7,57.00934579,4.61,F,6,6
1,1,0,1,1,0,1,0,1,0,6,1960.211272,4.4,0.33736155,2.260322388,0.391157041,1.098852327,0.8,49.36708861,5.17,H,6,6
1,1,0,1,1,0,0,1,1,0,6,1250.030231,156.2,0.447687896,2.489181171,0.259859573,1.00820626,71.1,53.79537954,5.35,G,6,6
0,1,1,1,1,0,1,0,1,0,6,1559.051954,142.8,0.504218749,1.99043315,0.404833861,0.64932183,0.4,57.89473684,4.63,Y,6,6
1,1,0,1,0,1,1,1,0,0,6,1345.043327,1.9,0.325508307,2.845690268,0.155915744,1.4429374,12.5,60.63492063,5.08,N,6,6
1,1,0,0,1,1,0,1,1,0,6,1264.369458,44.9,0.458629352,2.398002374,0.494189082,1.500284912,1,65.48387097,5.78,H,6,6
1,0,1,1,0,1,0,1,1,0,6,2368.352842,5.1,0.27900712,1.769780459,0.258947785,1.470686196,3.2,74.52229299,5.09,Z,6,6
0,1,1,0,1,1,1,1,0,0,6,1186.938996,2.9,0.273536392,1.984050632,0.407569225,1.485485554,16.5,66.13924051,4.59,H,6,6
1,1,0,0,1,1,1,0,1,0,6,1440.626889,58.4,0.322772943,3.16481606,0.496012658,1.868418941,6.1,58.65384615,5.21,F,6,6
0,1,1,1,0,1,1,0,1,0,6,1828.533015,27.3,0.239800238,1.966726661,0.401186709,1.311593098,51.5,64.46540881,4.63,,6,6
0,1,1,1,0,1,1,1,0,0,6,1032.49807,107.8,0.379303798,1.291091772,0.323684731,1.026705457,9.6,81.06312292,4.44,G,6,6
0,1,1,1,1,0,0,1,1,0,6,780.6653142,39.2,0.279918907,2.661509098,0.415775316,1.779622793,67.3,64.44444444,4.5,Y,6,6
1,0,1,1,1,0,0,1,1,0,6,1174.368191,207.8,0.223388055,2.211997627,0.424893196,1.071103531,39.8,72.15189873,5.16,G,6,6
1,0,1,1,0,1,1,1,0,0,6,1431.359436,18.7,0.348303005,1.768868672,0.496924446,0.749217496,2.8,75.39936102,5.41,G,6,6
1,0,1,0,1,1,1,1,0,0,6,1190.982909,47.5,0.434011077,2.229321598,0.41851068,1.485485554,8.3,74.07407407,5.06,Z,6,6
1,1,0,1,0,1,1,0,1,0,6,1311.682845,19.8,0.372009494,1.831782042,0.486894778,1.017455859,3.6,46.37223975,5.2,F,6,6
1,0,1,1,1,0,1,1,0,1,6,1004.998092,99.7,0.831550633,3.38090981,0.384774525,0.850963082,44.8,27.12933754,4.87,A,6,6
1,0,1,0,1,1,0,1,1,1,6,986.8323006,33.8,0.394804192,3.570561708,0.516071994,1.933166132,10.8,31.96202532,5.22,Y,6,6
0,1,1,1,1,0,1,1,0,1,6,1148.447031,1.8,0.364715189,2.089818038,0.321861155,1.274594703,0.1,45.30744337,4.69,A,6,6
0,1,1,0,1,1,1,0,1,1,6,1001.733789,29.3,0.578985365,3.127432752,0.198769778,1.938715891,5.4,32.90734824,4.6,A,6,6
0,1,1,1,0,1,0,1,1,1,6,1045.40021,33.6,0.406657438,2.747217167,0.480512263,1.161749599,6.2,40.63492063,4.42,N,6,6
1,1,0,1,1,0,1,0,1,1,6,1262.122686,2.2,0.403010284,3.798508703,0.507865902,1.159899679,0.1,28.93081761,5.07,Y,6,6
1,1,0,1,1,0,0,1,1,1,6,1084.048309,2.5,0.381127373,2.264881329,0.35559731,1.577981541,0.5,37.82051282,5.08,Y,6,6
0,1,1,1,1,0,1,0,1,1,6,1157.848099,132.4,0.448599684,2.527476266,0.669252373,1.361540931,39.9,33.125,4.75,G,6,6
1,1,0,1,0,1,1,1,0,1,6,1045.218162,1.7,0.763166535,3.964454113,0.458629351,1.44108748,1,36.2804878,5.22,Y,6,6
1,1,0,0,1,1,0,1,1,1,6,1070.605985,1.7,0.424893195,4.009131726,0.433099288,1.938715891,3.4,34.65045593,5.25,W,6,6
1,0,1,1,0,1,0,1,1,1,6,1591.792739,39.7,0.307272547,3.747448576,0.637339794,1.711175762,18.5,33.64779874,5.01,H,6,6
0,1,1,0,1,1,1,1,0,1,6,2469.862225,20.1,0.451335047,2.62412579,0.44130538,1.217247191,6.1,34.45121951,4.66,Y,6,6
1,1,0,0,1,1,1,0,1,1,6,1398.751469,121.1,0.478688687,3.441087816,0.638251582,1.270894864,36.8,40.60402685,5.34,Y,6,6
0,1,1,1,0,1,1,0,1,1,6,1553.619595,8.8,0.328243671,2.445415348,0.131297468,1.670477528,1.5,32.58064516,4.61,W,6,6
0,1,1,1,0,1,1,1,0,1,6,938.4052232,3.6,0.550719936,2.025081091,0.393892405,1.209847512,1.3,35.44303797,4.62,Y,6,6
0,1,1,1,1,0,0,1,1,1,6,983.0187228,31.5,0.344655854,2.294058545,0.203328718,1.146950241,20,32.35294118,4.63,Z,6,6
1,0,1,1,1,0,0,1,1,1,6,1421.519067,2.4,0.24800633,2.34603046,0.290860364,1.594630819,0.8,40.74074074,5,W,6,6
1,0,1,1,0,1,1,1,0,1,6,1131.113209,3.5,0.363803402,3.936188687,0.425804984,1.111801766,0.1,38.62275449,4.91,H,6,6
1,0,1,0,1,1,1,1,0,1,6,1498.902334,3.7,0.496924447,3.171198575,0.537043117,2.404895666,22.4,37.26708075,4.68,N,6,6
1,1,0,1,0,1,1,0,1,1,6,1541.373574,80.9,0.525189873,3.343526502,0.522454509,1.807371589,32.9,38.36065574,5.08,G,6,6
1,1,1,1,1,1,1,1,1,0,9,1849.830734,6.2,0.275359969,3.121962024,0.082972706,1.520634029,0.6,68.38709677,5.28,F,9,9
1,1,1,1,1,1,1,1,1,0,9,1814.941108,49.4,0.393892405,2.185555775,0.112149921,1.22094703,10.5,66.875,5.36,Z,9,9
1,1,1,1,1,1,1,1,1,0,9,1243.85672,52.9,0.50877769,2.573977453,0.183269383,1.207997592,17.5,59.80707395,5.41,F,9,9
1,1,1,1,1,1,1,1,1,0,9,1334.675612,13.2,0.334626186,3.122873814,0.113061709,1.635329053,3.8,55.88235294,5.34,F,9,9
1,1,1,1,1,1,1,1,1,1,9,1050.06081,17.5,0.23432951,3.55141416,0.350126582,1.503984751,2.4,32.48407643,5.14,Y,9,9
1,1,1,1,1,1,1,1,1,1,9,1802.722123,25.4,0.549808149,2.867573179,0.223388054,1.22464687,8.6,34.26791277,5.06,Y,9,9
1,1,1,1,1,1,1,1,1,1,9,1463.820418,37.8,0.329155458,3.161168909,0.405745649,1.722275281,7.3,32.90734824,5.16,Y,9,9
1,1,1,1,1,1,1,1,1,1,9,1094.514279,3.5,0.532484178,3.611592167,0.213358386,1.36524077,1.4,34.55657492,4.96,N,9,9
1,1,1,1,1,1,1,1,1,1,9,1235.223279,6.9,0.660134493,3.607945016,0.310919699,1.857319422,2.8,31.42857143,5.15,N,9,9
